[
  {
    "id":0,
    "name": "Josephite Language",
    "profileImage": "/images/community.png",
    "bio": "Here we believe in dreaming as a team, grooming our skills and advancing towards perfection while providing quality service to our customers. ",
    "summary": { "stories": 390, "followers": 2100 }
  },
  {
    "id":1,
    "name": "Travel for explore",
    "profileImage": "/images/community.png",
    "bio": "Here we believe in dreaming as a team, grooming our skills and advancing towards perfection while providing quality service to our customers. ",
    "summary": { "stories": 890, "followers": 9000 }
  },
  {
    "id":2,
    "name": "Josephite Language",
    "profileImage": "/images/community.png",
    "bio": "Here we believe in dreaming as a team, grooming our skills and advancing towards perfection while providing quality service to our customers. ",
    "summary": { "stories": 390, "followers": 2100 }
  }
]
